Player,Club,Championship,Date
457301,ASA / AL,CdB,19/02/2025
451954,ASA / AL,CdB,19/02/2025
515497,ASA / AL,CdB,19/02/2025
408423,ASA / AL,CdB,19/02/2025
648677,ASA / AL,CdB,19/02/2025
293172,ASA / AL,CdB,19/02/2025
319009,ASA / AL,CdB,19/02/2025
631176,ASA / AL,CdB,19/02/2025
307144,ASA / AL,CdB,19/02/2025
304694,ASA / AL,CdB,19/02/2025
430304,ASA / AL,CdB,19/02/2025
369639,Atlético Goianiense / GO,CdB,19/02/2025
419442,Atlético Goianiense / GO,CdB,19/02/2025
701439,Atlético Goianiense / GO,CdB,19/02/2025
421138,Atlético Goianiense / GO,CdB,19/02/2025
301087,Atlético Goianiense / GO,CdB,19/02/2025
837089,Atlético Goianiense / GO,CdB,19/02/2025
369161,Atlético Goianiense / GO,CdB,19/02/2025
315637,Atlético Goianiense / GO,CdB,19/02/2025
338777,Atlético Goianiense / GO,CdB,19/02/2025
551375,Atlético Goianiense / GO,CdB,19/02/2025
421180,Atlético Goianiense / GO,CdB,19/02/2025
727646,Atlético Goianiense / GO,CdB,19/02/2025
520072,ASA / AL,CdB,19/02/2025
523883,Atlético Goianiense / GO,CdB,19/02/2025
534970,Atlético Goianiense / GO,CdB,19/02/2025
589220,ASA / AL,CdB,19/02/2025
462578,ASA / AL,CdB,19/02/2025
597172,ASA / AL,CdB,19/02/2025
895304,Atlético Goianiense / GO,CdB,19/02/2025
395715,Jequié / BA,CdB,26/02/2025
504578,Jequié / BA,CdB,26/02/2025
593287,Jequié / BA,CdB,26/02/2025
161139,Jequié / BA,CdB,26/02/2025
436979,Jequié / BA,CdB,26/02/2025
336080,Jequié / BA,CdB,26/02/2025
380627,Jequié / BA,CdB,26/02/2025
413154,Jequié / BA,CdB,26/02/2025
428129,Jequié / BA,CdB,26/02/2025
347087,Jequié / BA,CdB,26/02/2025
298300,Jequié / BA,CdB,26/02/2025
308008,Retrô / PE,CdB,26/02/2025
421193,Retrô / PE,CdB,26/02/2025
529687,Retrô / PE,CdB,26/02/2025
392116,Retrô / PE,CdB,26/02/2025
317361,Retrô / PE,CdB,26/02/2025
175065,Retrô / PE,CdB,26/02/2025
422344,Retrô / PE,CdB,26/02/2025
430597,Retrô / PE,CdB,26/02/2025
406111,Retrô / PE,CdB,26/02/2025
384905,Retrô / PE,CdB,26/02/2025
319981,Retrô / PE,CdB,26/02/2025
298647,Jequié / BA,CdB,26/02/2025
517044,Retrô / PE,CdB,26/02/2025
506044,Jequié / BA,CdB,26/02/2025
545773,Jequié / BA,CdB,26/02/2025
672682,Retrô / PE,CdB,26/02/2025
546696,Jequié / BA,CdB,26/02/2025
716557,Retrô / PE,CdB,26/02/2025
183094,Retrô / PE,CdB,26/02/2025
699318,Tuna Luso / PA,CdB,19/02/2025
427516,Tuna Luso / PA,CdB,19/02/2025
462041,Tuna Luso / PA,CdB,19/02/2025
355536,Tuna Luso / PA,CdB,19/02/2025
369409,Tuna Luso / PA,CdB,19/02/2025
610004,Tuna Luso / PA,CdB,19/02/2025
437150,Tuna Luso / PA,CdB,19/02/2025
360824,Tuna Luso / PA,CdB,19/02/2025
183840,Tuna Luso / PA,CdB,19/02/2025
309725,Tuna Luso / PA,CdB,19/02/2025
317152,Tuna Luso / PA,CdB,19/02/2025
636795,Sampaio Corrêa / MA,CdB,19/02/2025
436356,Sampaio Corrêa / MA,CdB,19/02/2025
465842,Sampaio Corrêa / MA,CdB,19/02/2025
509723,Sampaio Corrêa / MA,CdB,19/02/2025
552526,Sampaio Corrêa / MA,CdB,19/02/2025
520878,Sampaio Corrêa / MA,CdB,19/02/2025
595894,Sampaio Corrêa / MA,CdB,19/02/2025
298371,Sampaio Corrêa / MA,CdB,19/02/2025
646630,Sampaio Corrêa / MA,CdB,19/02/2025
387319,Sampaio Corrêa / MA,CdB,19/02/2025
614561,Sampaio Corrêa / MA,CdB,19/02/2025
748572,Sampaio Corrêa / MA,CdB,19/02/2025
715513,Tuna Luso / PA,CdB,19/02/2025
539327,Tuna Luso / PA,CdB,19/02/2025
568451,Sampaio Corrêa / MA,CdB,19/02/2025
525569,Sampaio Corrêa / MA,CdB,19/02/2025
673834,Sampaio Corrêa / MA,CdB,19/02/2025
602685,Tuna Luso / PA,CdB,19/02/2025
743898,Tuna Luso / PA,CdB,19/02/2025
536731,Tuna Luso / PA,CdB,19/02/2025
577177,Boavista / RJ,CdB,19/02/2025
317054,Boavista / RJ,CdB,19/02/2025
170178,Boavista / RJ,CdB,19/02/2025
501768,Boavista / RJ,CdB,19/02/2025
309332,Boavista / RJ,CdB,19/02/2025
437115,Boavista / RJ,CdB,19/02/2025
613097,Boavista / RJ,CdB,19/02/2025
530438,Boavista / RJ,CdB,19/02/2025
502133,Boavista / RJ,CdB,19/02/2025
339273,Boavista / RJ,CdB,19/02/2025
526048,Boavista / RJ,CdB,19/02/2025
390675,CSA / AL,CdB,19/02/2025
543147,CSA / AL,CdB,19/02/2025
183873,CSA / AL,CdB,19/02/2025
707675,CSA / AL,CdB,19/02/2025
503415,CSA / AL,CdB,19/02/2025
537346,CSA / AL,CdB,19/02/2025
437380,CSA / AL,CdB,19/02/2025
351526,CSA / AL,CdB,19/02/2025
418882,CSA / AL,CdB,19/02/2025
387082,CSA / AL,CdB,19/02/2025
393872,CSA / AL,CdB,19/02/2025
590653,Boavista / RJ,CdB,19/02/2025
583691,CSA / AL,CdB,19/02/2025
508210,CSA / AL,CdB,19/02/2025
651034,Boavista / RJ,CdB,19/02/2025
184899,CSA / AL,CdB,19/02/2025
552859,CSA / AL,CdB,19/02/2025
348203,CSA / AL,CdB,19/02/2025
332544,União de Rondonópolis / MT,CdB,18/02/2025
586802,União de Rondonópolis / MT,CdB,18/02/2025
504461,União de Rondonópolis / MT,CdB,18/02/2025
637863,União de Rondonópolis / MT,CdB,18/02/2025
291796,União de Rondonópolis / MT,CdB,18/02/2025
377965,União de Rondonópolis / MT,CdB,18/02/2025
828234,União de Rondonópolis / MT,CdB,18/02/2025
339465,União de Rondonópolis / MT,CdB,18/02/2025
315017,União de Rondonópolis / MT,CdB,18/02/2025
459662,União de Rondonópolis / MT,CdB,18/02/2025
712504,União de Rondonópolis / MT,CdB,18/02/2025
439689,Vasco da Gama / RJ,CdB,18/02/2025
420688,Vasco da Gama / RJ,CdB,18/02/2025
708232,Vasco da Gama / RJ,CdB,18/02/2025
380655,Vasco da Gama / RJ,CdB,18/02/2025
540809,Vasco da Gama / RJ,CdB,18/02/2025
658643,Vasco da Gama / RJ,CdB,18/02/2025
820600,Vasco da Gama / RJ,CdB,18/02/2025
177753,Vasco da Gama / RJ,CdB,18/02/2025
298303,Vasco da Gama / RJ,CdB,18/02/2025
323637,Vasco da Gama / RJ,CdB,18/02/2025
511021,Vasco da Gama / RJ,CdB,18/02/2025
176739,União de Rondonópolis / MT,CdB,18/02/2025
370799,União de Rondonópolis / MT,CdB,18/02/2025
599489,União de Rondonópolis / MT,CdB,18/02/2025
721110,União de Rondonópolis / MT,CdB,18/02/2025
341761,União de Rondonópolis / MT,CdB,18/02/2025
881019,Vasco da Gama / RJ,CdB,18/02/2025
644827,Vasco da Gama / RJ,CdB,18/02/2025
824538,Vasco da Gama / RJ,CdB,18/02/2025
793749,Vasco da Gama / RJ,CdB,18/02/2025
409916,Barcelona / RO,CdB,26/02/2025
830755,Barcelona / RO,CdB,26/02/2025
642284,Barcelona / RO,CdB,26/02/2025
601210,Barcelona / RO,CdB,26/02/2025
634136,Barcelona / RO,CdB,26/02/2025
630121,Barcelona / RO,CdB,26/02/2025
348235,Barcelona / RO,CdB,26/02/2025
838596,Barcelona / RO,CdB,26/02/2025
838530,Barcelona / RO,CdB,26/02/2025
538407,Barcelona / RO,CdB,26/02/2025
525870,Barcelona / RO,CdB,26/02/2025
316364,Nova Iguaçu / RJ,CdB,26/02/2025
373939,Nova Iguaçu / RJ,CdB,26/02/2025
722362,Nova Iguaçu / RJ,CdB,26/02/2025
415985,Nova Iguaçu / RJ,CdB,26/02/2025
437311,Nova Iguaçu / RJ,CdB,26/02/2025
318116,Nova Iguaçu / RJ,CdB,26/02/2025
459502,Nova Iguaçu / RJ,CdB,26/02/2025
373728,Nova Iguaçu / RJ,CdB,26/02/2025
359362,Nova Iguaçu / RJ,CdB,26/02/2025
373974,Nova Iguaçu / RJ,CdB,26/02/2025
438425,Nova Iguaçu / RJ,CdB,26/02/2025
838532,Barcelona / RO,CdB,26/02/2025
313112,Barcelona / RO,CdB,26/02/2025
647637,Barcelona / RO,CdB,26/02/2025
613249,Nova Iguaçu / RJ,CdB,26/02/2025
793032,Nova Iguaçu / RJ,CdB,26/02/2025
552051,Barcelona / RO,CdB,26/02/2025
894400,Barcelona / RO,CdB,26/02/2025
611218,Nova Iguaçu / RJ,CdB,26/02/2025
388296,Nova Iguaçu / RJ,CdB,26/02/2025
546247,Nova Iguaçu / RJ,CdB,26/02/2025
415053,Humaitá / AC,CdB,26/02/2025
704704,Humaitá / AC,CdB,26/02/2025
313142,Humaitá / AC,CdB,26/02/2025
750019,Humaitá / AC,CdB,26/02/2025
821614,Humaitá / AC,CdB,26/02/2025
458620,Humaitá / AC,CdB,26/02/2025
556456,Humaitá / AC,CdB,26/02/2025
186747,Humaitá / AC,CdB,26/02/2025
530725,Humaitá / AC,CdB,26/02/2025
622188,Humaitá / AC,CdB,26/02/2025
582928,Humaitá / AC,CdB,26/02/2025
318837,Operário / PR,CdB,26/02/2025
403078,Operário / PR,CdB,26/02/2025
373841,Operário / PR,CdB,26/02/2025
509540,Operário / PR,CdB,26/02/2025
338081,Operário / PR,CdB,26/02/2025
307569,Operário / PR,CdB,26/02/2025
462755,Operário / PR,CdB,26/02/2025
522753,Operário / PR,CdB,26/02/2025
182380,Operário / PR,CdB,26/02/2025
544426,Operário / PR,CdB,26/02/2025
360921,Operário / PR,CdB,26/02/2025
729952,Humaitá / AC,CdB,26/02/2025
384569,Humaitá / AC,CdB,26/02/2025
310743,Operário / PR,CdB,26/02/2025
550859,Humaitá / AC,CdB,26/02/2025
370695,Operário / PR,CdB,26/02/2025
614438,Humaitá / AC,CdB,26/02/2025
355336,Humaitá / AC,CdB,26/02/2025
363313,Operário / PR,CdB,26/02/2025
414028,CSE / AL,CdB,26/02/2025
501257,CSE / AL,CdB,26/02/2025
535562,CSE / AL,CdB,26/02/2025
537155,CSE / AL,CdB,26/02/2025
673228,CSE / AL,CdB,26/02/2025
722939,CSE / AL,CdB,26/02/2025
165400,CSE / AL,CdB,26/02/2025
306124,CSE / AL,CdB,26/02/2025
423463,CSE / AL,CdB,26/02/2025
306025,CSE / AL,CdB,26/02/2025
291901,CSE / AL,CdB,26/02/2025
356564,Tombense / MG,CdB,26/02/2025
657428,Tombense / MG,CdB,26/02/2025
697053,Tombense / MG,CdB,26/02/2025
612758,Tombense / MG,CdB,26/02/2025
403321,Tombense / MG,CdB,26/02/2025
433705,Tombense / MG,CdB,26/02/2025
710995,Tombense / MG,CdB,26/02/2025
586256,Tombense / MG,CdB,26/02/2025
348432,Tombense / MG,CdB,26/02/2025
582820,Tombense / MG,CdB,26/02/2025
184174,Tombense / MG,CdB,26/02/2025
448301,CSE / AL,CdB,26/02/2025
727903,CSE / AL,CdB,26/02/2025
504826,CSE / AL,CdB,26/02/2025
587745,Tombense / MG,CdB,26/02/2025
610518,Tombense / MG,CdB,26/02/2025
732110,Tombense / MG,CdB,26/02/2025
638200,CSE / AL,CdB,26/02/2025
751627,Tombense / MG,CdB,26/02/2025
628153,Tombense / MG,CdB,26/02/2025
563763,Pouso Alegre / MG,CdB,25/02/2025
586365,Pouso Alegre / MG,CdB,25/02/2025
404878,Pouso Alegre / MG,CdB,25/02/2025
591074,Pouso Alegre / MG,CdB,25/02/2025
736851,Pouso Alegre / MG,CdB,25/02/2025
695470,Pouso Alegre / MG,CdB,25/02/2025
613682,Pouso Alegre / MG,CdB,25/02/2025
894764,Pouso Alegre / MG,CdB,25/02/2025
539611,Pouso Alegre / MG,CdB,25/02/2025
308722,Pouso Alegre / MG,CdB,25/02/2025
620465,Pouso Alegre / MG,CdB,25/02/2025
895198,Athletico Paranaense / PR,CdB,25/02/2025
528447,Athletico Paranaense / PR,CdB,25/02/2025
615317,Athletico Paranaense / PR,CdB,25/02/2025
818807,Athletico Paranaense / PR,CdB,25/02/2025
451607,Athletico Paranaense / PR,CdB,25/02/2025
446399,Athletico Paranaense / PR,CdB,25/02/2025
816895,Athletico Paranaense / PR,CdB,25/02/2025
405061,Athletico Paranaense / PR,CdB,25/02/2025
536558,Athletico Paranaense / PR,CdB,25/02/2025
779527,Athletico Paranaense / PR,CdB,25/02/2025
346294,Athletico Paranaense / PR,CdB,25/02/2025
689146,Athletico Paranaense / PR,CdB,25/02/2025
315585,Athletico Paranaense / PR,CdB,25/02/2025
523677,Pouso Alegre / MG,CdB,25/02/2025
552854,Pouso Alegre / MG,CdB,25/02/2025
405543,Athletico Paranaense / PR,CdB,25/02/2025
650809,Athletico Paranaense / PR,CdB,25/02/2025
796287,Pouso Alegre / MG,CdB,25/02/2025
565090,Pouso Alegre / MG,CdB,25/02/2025
398807,Athletico Paranaense / PR,CdB,25/02/2025
525771,Guarany / RS,CdB,26/02/2025
316626,Guarany / RS,CdB,26/02/2025
385391,Guarany / RS,CdB,26/02/2025
464853,Guarany / RS,CdB,26/02/2025
465104,Guarany / RS,CdB,26/02/2025
390834,Guarany / RS,CdB,26/02/2025
454277,Guarany / RS,CdB,26/02/2025
533019,Guarany / RS,CdB,26/02/2025
530443,Guarany / RS,CdB,26/02/2025
418820,Guarany / RS,CdB,26/02/2025
342154,Guarany / RS,CdB,26/02/2025
174017,Altos / PI,CdB,26/02/2025
674809,Altos / PI,CdB,26/02/2025
455961,Altos / PI,CdB,26/02/2025
295602,Altos / PI,CdB,26/02/2025
543786,Altos / PI,CdB,26/02/2025
543907,Altos / PI,CdB,26/02/2025
502253,Altos / PI,CdB,26/02/2025
509275,Altos / PI,CdB,26/02/2025
600540,Altos / PI,CdB,26/02/2025
459143,Altos / PI,CdB,26/02/2025
556548,Altos / PI,CdB,26/02/2025
561186,Altos / PI,CdB,26/02/2025
462551,Guarany / RS,CdB,26/02/2025
188174,Guarany / RS,CdB,26/02/2025
414138,Guarany / RS,CdB,26/02/2025
435228,Guarany / RS,CdB,26/02/2025
432784,Guarany / RS,CdB,26/02/2025
322780,Altos / PI,CdB,26/02/2025
681770,Altos / PI,CdB,26/02/2025
516172,Ceilândia / DF,CdB,27/02/2025
187833,Ceilândia / DF,CdB,27/02/2025
639695,Ceilândia / DF,CdB,27/02/2025
311794,Ceilândia / DF,CdB,27/02/2025
403512,Ceilândia / DF,CdB,27/02/2025
298432,Ceilândia / DF,CdB,27/02/2025
501450,Ceilândia / DF,CdB,27/02/2025
186427,Ceilândia / DF,CdB,27/02/2025
556484,Ceilândia / DF,CdB,27/02/2025
405037,Ceilândia / DF,CdB,27/02/2025
401579,Ceilândia / DF,CdB,27/02/2025
613263,Coritiba / PR,CdB,27/02/2025
383537,Coritiba / PR,CdB,27/02/2025
438556,Coritiba / PR,CdB,27/02/2025
161656,Coritiba / PR,CdB,27/02/2025
645961,Coritiba / PR,CdB,27/02/2025
523074,Coritiba / PR,CdB,27/02/2025
820851,Coritiba / PR,CdB,27/02/2025
682522,Coritiba / PR,CdB,27/02/2025
173551,Coritiba / PR,CdB,27/02/2025
311122,Coritiba / PR,CdB,27/02/2025
552216,Coritiba / PR,CdB,27/02/2025
356669,Ceilândia / DF,CdB,27/02/2025
880608,Coritiba / PR,CdB,27/02/2025
581520,Coritiba / PR,CdB,27/02/2025
436949,Coritiba / PR,CdB,27/02/2025
370076,Ceilândia / DF,CdB,27/02/2025
509647,Ceilândia / DF,CdB,27/02/2025
521903,Coritiba / PR,CdB,27/02/2025
894885,Coritiba / PR,CdB,27/02/2025
421853,Ceilândia / DF,CdB,27/02/2025
541093,Ceilândia / DF,CdB,27/02/2025
520349,Maracana / CE,CdB,26/02/2025
374744,Maracana / CE,CdB,26/02/2025
335961,Maracana / CE,CdB,26/02/2025
582812,Maracana / CE,CdB,26/02/2025
374717,Maracana / CE,CdB,26/02/2025
367962,Maracana / CE,CdB,26/02/2025
462964,Maracana / CE,CdB,26/02/2025
773383,Maracana / CE,CdB,26/02/2025
176292,Maracana / CE,CdB,26/02/2025
552219,Maracana / CE,CdB,26/02/2025
433931,Maracana / CE,CdB,26/02/2025
168926,Ferroviário / CE,CdB,26/02/2025
464522,Ferroviário / CE,CdB,26/02/2025
456932,Ferroviário / CE,CdB,26/02/2025
656640,Ferroviário / CE,CdB,26/02/2025
541344,Ferroviário / CE,CdB,26/02/2025
615123,Ferroviário / CE,CdB,26/02/2025
430380,Ferroviário / CE,CdB,26/02/2025
448597,Ferroviário / CE,CdB,26/02/2025
612960,Ferroviário / CE,CdB,26/02/2025
187141,Ferroviário / CE,CdB,26/02/2025
154961,Ferroviário / CE,CdB,26/02/2025
397126,Maracana / CE,CdB,26/02/2025
529094,Maracana / CE,CdB,26/02/2025
870503,Ferroviário / CE,CdB,26/02/2025
385708,Maracana / CE,CdB,26/02/2025
544203,Maracana / CE,CdB,26/02/2025
585940,Ferroviário / CE,CdB,26/02/2025
612353,Ferroviário / CE,CdB,26/02/2025
746909,Ferroviário / CE,CdB,26/02/2025
322338,Gazin Porto Velho / RO,CdB,19/02/2025
343976,Gazin Porto Velho / RO,CdB,19/02/2025
455997,Gazin Porto Velho / RO,CdB,19/02/2025
363929,Gazin Porto Velho / RO,CdB,19/02/2025
541153,Gazin Porto Velho / RO,CdB,19/02/2025
181334,Gazin Porto Velho / RO,CdB,19/02/2025
339594,Gazin Porto Velho / RO,CdB,19/02/2025
393852,Gazin Porto Velho / RO,CdB,19/02/2025
455810,Gazin Porto Velho / RO,CdB,19/02/2025
180097,Gazin Porto Velho / RO,CdB,19/02/2025
437831,Gazin Porto Velho / RO,CdB,19/02/2025
619739,Cuiabá / MT,CdB,19/02/2025
524341,Cuiabá / MT,CdB,19/02/2025
551796,Cuiabá / MT,CdB,19/02/2025
639064,Cuiabá / MT,CdB,19/02/2025
346046,Cuiabá / MT,CdB,19/02/2025
626986,Cuiabá / MT,CdB,19/02/2025
433799,Cuiabá / MT,CdB,19/02/2025
542491,Cuiabá / MT,CdB,19/02/2025
312015,Cuiabá / MT,CdB,19/02/2025
389361,Cuiabá / MT,CdB,19/02/2025
331915,Cuiabá / MT,CdB,19/02/2025
321636,Cuiabá / MT,CdB,19/02/2025
523119,Cuiabá / MT,CdB,19/02/2025
621114,Cuiabá / MT,CdB,19/02/2025
432618,Gazin Porto Velho / RO,CdB,19/02/2025
895734,Gazin Porto Velho / RO,CdB,19/02/2025
438304,Gazin Porto Velho / RO,CdB,19/02/2025
548252,Cuiabá / MT,CdB,19/02/2025
613826,Cuiabá / MT,CdB,19/02/2025
504569,Gazin Porto Velho / RO,CdB,19/02/2025
403600,Gazin Porto Velho / RO,CdB,19/02/2025
344517,Capital / DF,CdB,19/02/2025
304433,Capital / DF,CdB,19/02/2025
297954,Capital / DF,CdB,19/02/2025
408812,Capital / DF,CdB,19/02/2025
302082,Capital / DF,CdB,19/02/2025
184087,Capital / DF,CdB,19/02/2025
372006,Capital / DF,CdB,19/02/2025
385571,Capital / DF,CdB,19/02/2025
294101,Capital / DF,CdB,19/02/2025
440110,Capital / DF,CdB,19/02/2025
189991,Capital / DF,CdB,19/02/2025
552085,Portuguesa / RJ,CdB,19/02/2025
522705,Portuguesa / RJ,CdB,19/02/2025
370555,Portuguesa / RJ,CdB,19/02/2025
365933,Portuguesa / RJ,CdB,19/02/2025
430440,Portuguesa / RJ,CdB,19/02/2025
380211,Portuguesa / RJ,CdB,19/02/2025
184332,Portuguesa / RJ,CdB,19/02/2025
705955,Portuguesa / RJ,CdB,19/02/2025
412758,Portuguesa / RJ,CdB,19/02/2025
374183,Portuguesa / RJ,CdB,19/02/2025
407485,Portuguesa / RJ,CdB,19/02/2025
354866,Capital / DF,CdB,19/02/2025
440391,Portuguesa / RJ,CdB,19/02/2025
341396,Capital / DF,CdB,19/02/2025
322462,Capital / DF,CdB,19/02/2025
600271,Portuguesa / RJ,CdB,19/02/2025
509913,Portuguesa / RJ,CdB,19/02/2025
815899,Capital / DF,CdB,19/02/2025
370729,Capital / DF,CdB,19/02/2025
366127,Sergipe / SE,CdB,19/02/2025
315691,Sergipe / SE,CdB,19/02/2025
322030,Sergipe / SE,CdB,19/02/2025
666113,Sergipe / SE,CdB,19/02/2025
609998,Sergipe / SE,CdB,19/02/2025
449777,Sergipe / SE,CdB,19/02/2025
381688,Sergipe / SE,CdB,19/02/2025
435574,Sergipe / SE,CdB,19/02/2025
317735,Sergipe / SE,CdB,19/02/2025
177102,Sergipe / SE,CdB,19/02/2025
515616,Sergipe / SE,CdB,19/02/2025
447293,Ceará / CE,CdB,19/02/2025
451258,Ceará / CE,CdB,19/02/2025
431101,Ceará / CE,CdB,19/02/2025
402095,Ceará / CE,CdB,19/02/2025
325261,Ceará / CE,CdB,19/02/2025
302136,Ceará / CE,CdB,19/02/2025
328312,Ceará / CE,CdB,19/02/2025
299840,Ceará / CE,CdB,19/02/2025
459744,Ceará / CE,CdB,19/02/2025
533963,Ceará / CE,CdB,19/02/2025
355362,Ceará / CE,CdB,19/02/2025
691748,Sergipe / SE,CdB,19/02/2025
405888,Sergipe / SE,CdB,19/02/2025
761135,Sergipe / SE,CdB,19/02/2025
336415,Sergipe / SE,CdB,19/02/2025
895186,Ceará / CE,CdB,19/02/2025
399713,Ceará / CE,CdB,19/02/2025
427070,Sergipe / SE,CdB,19/02/2025
646613,Ceará / CE,CdB,19/02/2025
547752,Parnahyba / PI,CdB,26/02/2025
582156,Parnahyba / PI,CdB,26/02/2025
616631,Parnahyba / PI,CdB,26/02/2025
445131,Parnahyba / PI,CdB,26/02/2025
350031,Parnahyba / PI,CdB,26/02/2025
190271,Parnahyba / PI,CdB,26/02/2025
179117,Parnahyba / PI,CdB,26/02/2025
566912,Parnahyba / PI,CdB,26/02/2025
577357,Parnahyba / PI,CdB,26/02/2025
393603,Parnahyba / PI,CdB,26/02/2025
524342,Parnahyba / PI,CdB,26/02/2025
524492,Confiança / SE,CdB,26/02/2025
418480,Confiança / SE,CdB,26/02/2025
465714,Confiança / SE,CdB,26/02/2025
630365,Confiança / SE,CdB,26/02/2025
340907,Confiança / SE,CdB,26/02/2025
294558,Confiança / SE,CdB,26/02/2025
552568,Confiança / SE,CdB,26/02/2025
186040,Confiança / SE,CdB,26/02/2025
632604,Confiança / SE,CdB,26/02/2025
894069,Confiança / SE,CdB,26/02/2025
374917,Confiança / SE,CdB,26/02/2025
558363,Parnahyba / PI,CdB,26/02/2025
683264,Parnahyba / PI,CdB,26/02/2025
567193,Confiança / SE,CdB,26/02/2025
186569,Confiança / SE,CdB,26/02/2025
383830,Confiança / SE,CdB,26/02/2025
436991,Parnahyba / PI,CdB,26/02/2025
321253,Confiança / SE,CdB,26/02/2025
521915,Confiança / SE,CdB,26/02/2025
186418,Maringa / PR,CdB,25/02/2025
692783,Maringa / PR,CdB,25/02/2025
554480,Maringa / PR,CdB,25/02/2025
419566,Maringa / PR,CdB,25/02/2025
537899,Maringa / PR,CdB,25/02/2025
419537,Maringa / PR,CdB,25/02/2025
542761,Maringa / PR,CdB,25/02/2025
540826,Maringa / PR,CdB,25/02/2025
619448,Maringa / PR,CdB,25/02/2025
651175,Maringa / PR,CdB,25/02/2025
517451,Maringa / PR,CdB,25/02/2025
452276,Juventude / RS,CdB,25/02/2025
599081,Juventude / RS,CdB,25/02/2025
500506,Juventude / RS,CdB,25/02/2025
349759,Juventude / RS,CdB,25/02/2025
687271,Juventude / RS,CdB,25/02/2025
567979,Juventude / RS,CdB,25/02/2025
321622,Juventude / RS,CdB,25/02/2025
539820,Juventude / RS,CdB,25/02/2025
894552,Juventude / RS,CdB,25/02/2025
588145,Juventude / RS,CdB,25/02/2025
302192,Juventude / RS,CdB,25/02/2025
407221,Juventude / RS,CdB,25/02/2025
436545,Juventude / RS,CdB,25/02/2025
894363,Juventude / RS,CdB,25/02/2025
150986,Juventude / RS,CdB,25/02/2025
566796,União Atlético Clube / TO,CdB,26/02/2025
462820,União Atlético Clube / TO,CdB,26/02/2025
653047,União Atlético Clube / TO,CdB,26/02/2025
355861,União Atlético Clube / TO,CdB,26/02/2025
822452,União Atlético Clube / TO,CdB,26/02/2025
341758,União Atlético Clube / TO,CdB,26/02/2025
391432,União Atlético Clube / TO,CdB,26/02/2025
319612,União Atlético Clube / TO,CdB,26/02/2025
611481,União Atlético Clube / TO,CdB,26/02/2025
513588,União Atlético Clube / TO,CdB,26/02/2025
439161,União Atlético Clube / TO,CdB,26/02/2025
352216,América F.c. / RN,CdB,26/02/2025
630471,América F.c. / RN,CdB,26/02/2025
182944,América F.c. / RN,CdB,26/02/2025
529928,América F.c. / RN,CdB,26/02/2025
335249,América F.c. / RN,CdB,26/02/2025
707860,América F.c. / RN,CdB,26/02/2025
179974,América F.c. / RN,CdB,26/02/2025
439009,América F.c. / RN,CdB,26/02/2025
397749,América F.c. / RN,CdB,26/02/2025
377819,América F.c. / RN,CdB,26/02/2025
368444,América F.c. / RN,CdB,26/02/2025
409509,América F.c. / RN,CdB,26/02/2025
683516,América F.c. / RN,CdB,26/02/2025
305809,América F.c. / RN,CdB,26/02/2025
327945,América F.c. / RN,CdB,26/02/2025
733274,União Atlético Clube / TO,CdB,26/02/2025
418368,América F.c. / RN,CdB,26/02/2025
412774,União Atlético Clube / TO,CdB,26/02/2025
425091,União Atlético Clube / TO,CdB,26/02/2025
162668,Concordia Atlético Clube / SC,CdB,26/02/2025
458684,Concordia Atlético Clube / SC,CdB,26/02/2025
348899,Concordia Atlético Clube / SC,CdB,26/02/2025
552598,Concordia Atlético Clube / SC,CdB,26/02/2025
423355,Concordia Atlético Clube / SC,CdB,26/02/2025
628951,Concordia Atlético Clube / SC,CdB,26/02/2025
524384,Concordia Atlético Clube / SC,CdB,26/02/2025
523607,Concordia Atlético Clube / SC,CdB,26/02/2025
547481,Concordia Atlético Clube / SC,CdB,26/02/2025
438707,Concordia Atlético Clube / SC,CdB,26/02/2025
548560,Concordia Atlético Clube / SC,CdB,26/02/2025
894463,Ponte Preta / SP,CdB,26/02/2025
643993,Ponte Preta / SP,CdB,26/02/2025
188643,Ponte Preta / SP,CdB,26/02/2025
348257,Ponte Preta / SP,CdB,26/02/2025
324805,Ponte Preta / SP,CdB,26/02/2025
313755,Ponte Preta / SP,CdB,26/02/2025
351498,Ponte Preta / SP,CdB,26/02/2025
345678,Ponte Preta / SP,CdB,26/02/2025
328949,Ponte Preta / SP,CdB,26/02/2025
320581,Ponte Preta / SP,CdB,26/02/2025
165094,Ponte Preta / SP,CdB,26/02/2025
622940,Concordia Atlético Clube / SC,CdB,26/02/2025
305977,Ponte Preta / SP,CdB,26/02/2025
584241,Concordia Atlético Clube / SC,CdB,26/02/2025
316763,Ponte Preta / SP,CdB,26/02/2025
549195,Concordia Atlético Clube / SC,CdB,26/02/2025
613359,Concordia Atlético Clube / SC,CdB,26/02/2025
725751,Concordia Atlético Clube / SC,CdB,26/02/2025
310101,Ponte Preta / SP,CdB,26/02/2025
548873,Ponte Preta / SP,CdB,26/02/2025
306019,Ponte Preta / SP,CdB,26/02/2025
522679,Portuguesa / SP,CdB,27/02/2025
652687,Portuguesa / SP,CdB,27/02/2025
555571,Portuguesa / SP,CdB,27/02/2025
511046,Portuguesa / SP,CdB,27/02/2025
639967,Portuguesa / SP,CdB,27/02/2025
432199,Portuguesa / SP,CdB,27/02/2025
565265,Portuguesa / SP,CdB,27/02/2025
611457,Portuguesa / SP,CdB,27/02/2025
177436,Portuguesa / SP,CdB,27/02/2025
387277,Portuguesa / SP,CdB,27/02/2025
615309,Portuguesa / SP,CdB,27/02/2025
454694,Botafogo / PB,CdB,27/02/2025
355990,Botafogo / PB,CdB,27/02/2025
563757,Botafogo / PB,CdB,27/02/2025
501383,Botafogo / PB,CdB,27/02/2025
306788,Botafogo / PB,CdB,27/02/2025
671219,Botafogo / PB,CdB,27/02/2025
181824,Botafogo / PB,CdB,27/02/2025
347875,Botafogo / PB,CdB,27/02/2025
189708,Botafogo / PB,CdB,27/02/2025
350435,Botafogo / PB,CdB,27/02/2025
465539,Botafogo / PB,CdB,27/02/2025
541928,Portuguesa / SP,CdB,27/02/2025
538592,Portuguesa / SP,CdB,27/02/2025
630242,Botafogo / PB,CdB,27/02/2025
419230,Botafogo / PB,CdB,27/02/2025
650209,Portuguesa / SP,CdB,27/02/2025
522896,Botafogo / PB,CdB,27/02/2025
550098,Portuguesa / SP,CdB,27/02/2025
366548,São Raimundo / RR,CdB,19/02/2025
559311,São Raimundo / RR,CdB,19/02/2025
509240,São Raimundo / RR,CdB,19/02/2025
372047,São Raimundo / RR,CdB,19/02/2025
412581,São Raimundo / RR,CdB,19/02/2025
406039,São Raimundo / RR,CdB,19/02/2025
551058,São Raimundo / RR,CdB,19/02/2025
554808,São Raimundo / RR,CdB,19/02/2025
341224,São Raimundo / RR,CdB,19/02/2025
729206,São Raimundo / RR,CdB,19/02/2025
431905,São Raimundo / RR,CdB,19/02/2025
413352,Grêmio / RS,CdB,19/02/2025
873448,Grêmio / RS,CdB,19/02/2025
819942,Grêmio / RS,CdB,19/02/2025
895912,Grêmio / RS,CdB,19/02/2025
376586,Grêmio / RS,CdB,19/02/2025
541232,Grêmio / RS,CdB,19/02/2025
291584,Grêmio / RS,CdB,19/02/2025
335312,Grêmio / RS,CdB,19/02/2025
793449,Grêmio / RS,CdB,19/02/2025
727270,Grêmio / RS,CdB,19/02/2025
871731,Grêmio / RS,CdB,19/02/2025
895665,Grêmio / RS,CdB,19/02/2025
530965,Grêmio / RS,CdB,19/02/2025
386198,São Raimundo / RR,CdB,19/02/2025
643071,São Raimundo / RR,CdB,19/02/2025
871654,Grêmio / RS,CdB,19/02/2025
307699,São Raimundo / RR,CdB,19/02/2025
169827,São Raimundo / RR,CdB,19/02/2025
508778,Barcelona de Ilhéus / BA,CdB,25/02/2025
346815,Barcelona de Ilhéus / BA,CdB,25/02/2025
186557,Barcelona de Ilhéus / BA,CdB,25/02/2025
379940,Barcelona de Ilhéus / BA,CdB,25/02/2025
370098,Barcelona de Ilhéus / BA,CdB,25/02/2025
419569,Barcelona de Ilhéus / BA,CdB,25/02/2025
452701,Barcelona de Ilhéus / BA,CdB,25/02/2025
185423,Barcelona de Ilhéus / BA,CdB,25/02/2025
548488,Barcelona de Ilhéus / BA,CdB,25/02/2025
546741,Barcelona de Ilhéus / BA,CdB,25/02/2025
394648,Barcelona de Ilhéus / BA,CdB,25/02/2025
541945,Athletic / MG,CdB,25/02/2025
314625,Athletic / MG,CdB,25/02/2025
299156,Athletic / MG,CdB,25/02/2025
711292,Athletic / MG,CdB,25/02/2025
466167,Athletic / MG,CdB,25/02/2025
547372,Athletic / MG,CdB,25/02/2025
540186,Athletic / MG,CdB,25/02/2025
459007,Athletic / MG,CdB,25/02/2025
466378,Athletic / MG,CdB,25/02/2025
634756,Athletic / MG,CdB,25/02/2025
317384,Athletic / MG,CdB,25/02/2025
518993,Barcelona de Ilhéus / BA,CdB,25/02/2025
393762,Barcelona de Ilhéus / BA,CdB,25/02/2025
586543,Athletic / MG,CdB,25/02/2025
354568,Barcelona de Ilhéus / BA,CdB,25/02/2025
384004,Athletic / MG,CdB,25/02/2025
591319,Athletic / MG,CdB,25/02/2025
671306,Athletic / MG,CdB,25/02/2025
626968,Athletic / MG,CdB,25/02/2025
543877,Maranhão / MA,CdB,25/02/2025
359014,Maranhão / MA,CdB,25/02/2025
739934,Maranhão / MA,CdB,25/02/2025
610235,Maranhão / MA,CdB,25/02/2025
612177,Maranhão / MA,CdB,25/02/2025
343441,Maranhão / MA,CdB,25/02/2025
455012,Maranhão / MA,CdB,25/02/2025
375673,Maranhão / MA,CdB,25/02/2025
414464,Maranhão / MA,CdB,25/02/2025
747375,Maranhão / MA,CdB,25/02/2025
557892,Maranhão / MA,CdB,25/02/2025
528144,Vitória / BA,CdB,25/02/2025
440063,Vitória / BA,CdB,25/02/2025
308275,Vitória / BA,CdB,25/02/2025
435315,Vitória / BA,CdB,25/02/2025
334881,Vitória / BA,CdB,25/02/2025
412971,Vitória / BA,CdB,25/02/2025
646420,Vitória / BA,CdB,25/02/2025
444079,Vitória / BA,CdB,25/02/2025
333318,Vitória / BA,CdB,25/02/2025
513071,Vitória / BA,CdB,25/02/2025
541268,Vitória / BA,CdB,25/02/2025
597056,Maranhão / MA,CdB,25/02/2025
454987,Maranhão / MA,CdB,25/02/2025
320815,Maranhão / MA,CdB,25/02/2025
408134,Vitória / BA,CdB,25/02/2025
307285,Vitória / BA,CdB,25/02/2025
699185,Maranhão / MA,CdB,25/02/2025
618785,Maranhão / MA,CdB,25/02/2025
360911,Vitória / BA,CdB,25/02/2025
432666,Vitória / BA,CdB,25/02/2025
709056,Santa Cruz de Natal / RN,CdB,19/02/2025
455706,Santa Cruz de Natal / RN,CdB,19/02/2025
593477,Santa Cruz de Natal / RN,CdB,19/02/2025
644506,Santa Cruz de Natal / RN,CdB,19/02/2025
686121,Santa Cruz de Natal / RN,CdB,19/02/2025
527373,Santa Cruz de Natal / RN,CdB,19/02/2025
542755,Santa Cruz de Natal / RN,CdB,19/02/2025
363653,Santa Cruz de Natal / RN,CdB,19/02/2025
543357,Santa Cruz de Natal / RN,CdB,19/02/2025
637478,Santa Cruz de Natal / RN,CdB,19/02/2025
605718,Santa Cruz de Natal / RN,CdB,19/02/2025
341763,Náutico / PE,CdB,19/02/2025
335847,Náutico / PE,CdB,19/02/2025
178294,Náutico / PE,CdB,19/02/2025
442409,Náutico / PE,CdB,19/02/2025
688862,Náutico / PE,CdB,19/02/2025
366093,Náutico / PE,CdB,19/02/2025
523575,Náutico / PE,CdB,19/02/2025
891213,Náutico / PE,CdB,19/02/2025
388303,Náutico / PE,CdB,19/02/2025
320984,Náutico / PE,CdB,19/02/2025
165925,Náutico / PE,CdB,19/02/2025
622618,Santa Cruz de Natal / RN,CdB,19/02/2025
674682,Santa Cruz de Natal / RN,CdB,19/02/2025
592037,Náutico / PE,CdB,19/02/2025
620774,Náutico / PE,CdB,19/02/2025
169000,Náutico / PE,CdB,19/02/2025
531615,Santa Cruz de Natal / RN,CdB,19/02/2025
673712,Santa Cruz de Natal / RN,CdB,19/02/2025
454466,Santa Cruz de Natal / RN,CdB,19/02/2025
646223,Náutico / PE,CdB,19/02/2025
606082,Sousa / PB,CdB,27/02/2025
370433,Sousa / PB,CdB,27/02/2025
763363,Sousa / PB,CdB,27/02/2025
436421,Sousa / PB,CdB,27/02/2025
420137,Sousa / PB,CdB,27/02/2025
540814,Sousa / PB,CdB,27/02/2025
170161,Sousa / PB,CdB,27/02/2025
513864,Sousa / PB,CdB,27/02/2025
530149,Sousa / PB,CdB,27/02/2025
371355,Sousa / PB,CdB,27/02/2025
401870,Sousa / PB,CdB,27/02/2025
542286,Red Bull Bragantino / SP,CdB,27/02/2025
384823,Red Bull Bragantino / SP,CdB,27/02/2025
750089,Red Bull Bragantino / SP,CdB,27/02/2025
352037,Red Bull Bragantino / SP,CdB,27/02/2025
802130,Red Bull Bragantino / SP,CdB,27/02/2025
894259,Red Bull Bragantino / SP,CdB,27/02/2025
320839,Red Bull Bragantino / SP,CdB,27/02/2025
345109,Red Bull Bragantino / SP,CdB,27/02/2025
633579,Red Bull Bragantino / SP,CdB,27/02/2025
419374,Red Bull Bragantino / SP,CdB,27/02/2025
793192,Red Bull Bragantino / SP,CdB,27/02/2025
634693,Red Bull Bragantino / SP,CdB,27/02/2025
674705,Sousa / PB,CdB,27/02/2025
536460,Red Bull Bragantino / SP,CdB,27/02/2025
427770,Sousa / PB,CdB,27/02/2025
554152,Sousa / PB,CdB,27/02/2025
712512,Sousa / PB,CdB,27/02/2025
548365,Oratório / AP,CdB,26/02/2025
466268,Oratório / AP,CdB,26/02/2025
608041,Oratório / AP,CdB,26/02/2025
650785,Oratório / AP,CdB,26/02/2025
596035,Oratório / AP,CdB,26/02/2025
454820,Oratório / AP,CdB,26/02/2025
555244,Oratório / AP,CdB,26/02/2025
651573,Oratório / AP,CdB,26/02/2025
427733,Oratório / AP,CdB,26/02/2025
456234,Oratório / AP,CdB,26/02/2025
735017,Oratório / AP,CdB,26/02/2025
305718,São José / RS,CdB,26/02/2025
181804,São José / RS,CdB,26/02/2025
725794,São José / RS,CdB,26/02/2025
384666,São José / RS,CdB,26/02/2025
544138,São José / RS,CdB,26/02/2025
387012,São José / RS,CdB,26/02/2025
303709,São José / RS,CdB,26/02/2025
629613,São José / RS,CdB,26/02/2025
588393,São José / RS,CdB,26/02/2025
378939,São José / RS,CdB,26/02/2025
184800,São José / RS,CdB,26/02/2025
291811,Oratório / AP,CdB,26/02/2025
683436,Oratório / AP,CdB,26/02/2025
641536,Oratório / AP,CdB,26/02/2025
587980,São José / RS,CdB,26/02/2025
451271,Oratório / AP,CdB,26/02/2025
317446,Operário / MS,CdB,25/02/2025
535666,Operário / MS,CdB,25/02/2025
302391,Operário / MS,CdB,25/02/2025
527023,Operário / MS,CdB,25/02/2025
171973,Operário / MS,CdB,25/02/2025
604739,Operário / MS,CdB,25/02/2025
419535,Operário / MS,CdB,25/02/2025
379396,Operário / MS,CdB,25/02/2025
611398,Operário / MS,CdB,25/02/2025
648944,Operário / MS,CdB,25/02/2025
380831,Operário / MS,CdB,25/02/2025
363926,Criciúma / SC,CdB,25/02/2025
540274,Criciúma / SC,CdB,25/02/2025
340169,Criciúma / SC,CdB,25/02/2025
383559,Criciúma / SC,CdB,25/02/2025
383352,Criciúma / SC,CdB,25/02/2025
726860,Criciúma / SC,CdB,25/02/2025
292282,Criciúma / SC,CdB,25/02/2025
321780,Criciúma / SC,CdB,25/02/2025
433565,Criciúma / SC,CdB,25/02/2025
177531,Criciúma / SC,CdB,25/02/2025
308421,Criciúma / SC,CdB,25/02/2025
613398,Operário / MS,CdB,25/02/2025
462381,Operário / MS,CdB,25/02/2025
401716,Operário / MS,CdB,25/02/2025
456884,Criciúma / SC,CdB,25/02/2025
616219,Criciúma / SC,CdB,25/02/2025
449962,Operário / MS,CdB,25/02/2025
528449,Criciúma / SC,CdB,25/02/2025
392068,Sampaio / RR,CdB,26/02/2025
636986,Sampaio / RR,CdB,26/02/2025
722390,Sampaio / RR,CdB,26/02/2025
614129,Sampaio / RR,CdB,26/02/2025
291329,Sampaio / RR,CdB,26/02/2025
536693,Sampaio / RR,CdB,26/02/2025
341612,Sampaio / RR,CdB,26/02/2025
299811,Sampaio / RR,CdB,26/02/2025
501806,Sampaio / RR,CdB,26/02/2025
618194,Sampaio / RR,CdB,26/02/2025
693543,Sampaio / RR,CdB,26/02/2025
360293,Remo / PA,CdB,26/02/2025
678667,Remo / PA,CdB,26/02/2025
376246,Remo / PA,CdB,26/02/2025
315101,Remo / PA,CdB,26/02/2025
186722,Remo / PA,CdB,26/02/2025
895855,Remo / PA,CdB,26/02/2025
379462,Remo / PA,CdB,26/02/2025
513348,Remo / PA,CdB,26/02/2025
376801,Remo / PA,CdB,26/02/2025
344952,Remo / PA,CdB,26/02/2025
399284,Remo / PA,CdB,26/02/2025
169945,Remo / PA,CdB,26/02/2025
795446,Sampaio / RR,CdB,26/02/2025
453449,Sampaio / RR,CdB,26/02/2025
427774,Remo / PA,CdB,26/02/2025
291758,Remo / PA,CdB,26/02/2025
612083,Sampaio / RR,CdB,26/02/2025
751433,Sampaio / RR,CdB,26/02/2025
319134,Remo / PA,CdB,26/02/2025
796827,Sampaio / RR,CdB,26/02/2025
380762,Cascavel / PR,CdB,26/02/2025
516498,Cascavel / PR,CdB,26/02/2025
894298,Cascavel / PR,CdB,26/02/2025
413424,Cascavel / PR,CdB,26/02/2025
296240,Cascavel / PR,CdB,26/02/2025
632222,Cascavel / PR,CdB,26/02/2025
379134,Cascavel / PR,CdB,26/02/2025
521439,Cascavel / PR,CdB,26/02/2025
463507,Cascavel / PR,CdB,26/02/2025
317998,Cascavel / PR,CdB,26/02/2025
171418,Cascavel / PR,CdB,26/02/2025
606805,América / MG,CdB,26/02/2025
336900,América / MG,CdB,26/02/2025
351849,América / MG,CdB,26/02/2025
559670,América / MG,CdB,26/02/2025
316223,América / MG,CdB,26/02/2025
327667,América / MG,CdB,26/02/2025
612793,América / MG,CdB,26/02/2025
462152,América / MG,CdB,26/02/2025
872812,América / MG,CdB,26/02/2025
581782,América / MG,CdB,26/02/2025
622485,América / MG,CdB,26/02/2025
643996,América / MG,CdB,26/02/2025
695297,América / MG,CdB,26/02/2025
548748,Cascavel / PR,CdB,26/02/2025
547887,Cascavel / PR,CdB,26/02/2025
609600,América / MG,CdB,26/02/2025
618506,Cascavel / PR,CdB,26/02/2025
615494,América / MG,CdB,26/02/2025
628993,Cascavel / PR,CdB,26/02/2025
364512,Cascavel / PR,CdB,26/02/2025
380325,Votuporanguense / SP,CdB,26/02/2025
459450,Votuporanguense / SP,CdB,26/02/2025
577016,Votuporanguense / SP,CdB,26/02/2025
329405,Votuporanguense / SP,CdB,26/02/2025
186547,Votuporanguense / SP,CdB,26/02/2025
687573,Votuporanguense / SP,CdB,26/02/2025
521780,Votuporanguense / SP,CdB,26/02/2025
589862,Votuporanguense / SP,CdB,26/02/2025
577364,Votuporanguense / SP,CdB,26/02/2025
540691,Votuporanguense / SP,CdB,26/02/2025
168281,Votuporanguense / SP,CdB,26/02/2025
441092,Aparecidense / GO,CdB,26/02/2025
401473,Aparecidense / GO,CdB,26/02/2025
404381,Aparecidense / GO,CdB,26/02/2025
381586,Aparecidense / GO,CdB,26/02/2025
523789,Aparecidense / GO,CdB,26/02/2025
307674,Aparecidense / GO,CdB,26/02/2025
318095,Aparecidense / GO,CdB,26/02/2025
610215,Aparecidense / GO,CdB,26/02/2025
616466,Aparecidense / GO,CdB,26/02/2025
623309,Aparecidense / GO,CdB,26/02/2025
375834,Aparecidense / GO,CdB,26/02/2025
294419,Aparecidense / GO,CdB,26/02/2025
716979,Votuporanguense / SP,CdB,26/02/2025
608822,Aparecidense / GO,CdB,26/02/2025
296566,Aparecidense / GO,CdB,26/02/2025
723586,Votuporanguense / SP,CdB,26/02/2025
653692,Votuporanguense / SP,CdB,26/02/2025
437499,Votuporanguense / SP,CdB,26/02/2025
410025,Aparecidense / GO,CdB,26/02/2025
618547,Aparecidense / GO,CdB,26/02/2025
870027,Inter de Limeira / SP,CdB,27/02/2025
533422,Inter de Limeira / SP,CdB,27/02/2025
533783,Inter de Limeira / SP,CdB,27/02/2025
455446,Inter de Limeira / SP,CdB,27/02/2025
608651,Inter de Limeira / SP,CdB,27/02/2025
604967,Inter de Limeira / SP,CdB,27/02/2025
421457,Inter de Limeira / SP,CdB,27/02/2025
500736,Inter de Limeira / SP,CdB,27/02/2025
383963,Inter de Limeira / SP,CdB,27/02/2025
640575,Inter de Limeira / SP,CdB,27/02/2025
355149,Inter de Limeira / SP,CdB,27/02/2025
331982,Vila Nova / GO,CdB,27/02/2025
500953,Vila Nova / GO,CdB,27/02/2025
188260,Vila Nova / GO,CdB,27/02/2025
305811,Vila Nova / GO,CdB,27/02/2025
401315,Vila Nova / GO,CdB,27/02/2025
461723,Vila Nova / GO,CdB,27/02/2025
379541,Vila Nova / GO,CdB,27/02/2025
391300,Vila Nova / GO,CdB,27/02/2025
338185,Vila Nova / GO,CdB,27/02/2025
382612,Vila Nova / GO,CdB,27/02/2025
543481,Vila Nova / GO,CdB,27/02/2025
633725,Vila Nova / GO,CdB,27/02/2025
466025,Inter de Limeira / SP,CdB,27/02/2025
522740,Vila Nova / GO,CdB,27/02/2025
779885,Vila Nova / GO,CdB,27/02/2025
401299,Inter de Limeira / SP,CdB,27/02/2025
564400,Inter de Limeira / SP,CdB,27/02/2025
599998,Rio Branco / ES,CdB,20/02/2025
504604,Rio Branco / ES,CdB,20/02/2025
548332,Rio Branco / ES,CdB,20/02/2025
504579,Rio Branco / ES,CdB,20/02/2025
449177,Rio Branco / ES,CdB,20/02/2025
699035,Rio Branco / ES,CdB,20/02/2025
541892,Rio Branco / ES,CdB,20/02/2025
455801,Rio Branco / ES,CdB,20/02/2025
632399,Rio Branco / ES,CdB,20/02/2025
187603,Rio Branco / ES,CdB,20/02/2025
519599,Rio Branco / ES,CdB,20/02/2025
394765,Amazonas / AM,CdB,20/02/2025
373689,Amazonas / AM,CdB,20/02/2025
552845,Amazonas / AM,CdB,20/02/2025
559140,Amazonas / AM,CdB,20/02/2025
304325,Amazonas / AM,CdB,20/02/2025
412256,Amazonas / AM,CdB,20/02/2025
337172,Amazonas / AM,CdB,20/02/2025
355730,Amazonas / AM,CdB,20/02/2025
392058,Amazonas / AM,CdB,20/02/2025
335379,Amazonas / AM,CdB,20/02/2025
177093,Amazonas / AM,CdB,20/02/2025
311358,Amazonas / AM,CdB,20/02/2025
550791,Rio Branco / ES,CdB,20/02/2025
367717,Rio Branco / ES,CdB,20/02/2025
399776,Amazonas / AM,CdB,20/02/2025
359752,Rio Branco / ES,CdB,20/02/2025
336477,Rio Branco / ES,CdB,20/02/2025
554350,Rio Branco / ES,CdB,20/02/2025
557490,Amazonas / AM,CdB,20/02/2025
869911,Amazonas / AM,CdB,20/02/2025
674434,Tocantinópolis / TO,CdB,18/02/2025
550732,Tocantinópolis / TO,CdB,18/02/2025
513630,Tocantinópolis / TO,CdB,18/02/2025
293015,Tocantinópolis / TO,CdB,18/02/2025
300941,Tocantinópolis / TO,CdB,18/02/2025
515615,Tocantinópolis / TO,CdB,18/02/2025
402363,Tocantinópolis / TO,CdB,18/02/2025
441192,Tocantinópolis / TO,CdB,18/02/2025
536599,Tocantinópolis / TO,CdB,18/02/2025
379863,Tocantinópolis / TO,CdB,18/02/2025
429251,Tocantinópolis / TO,CdB,18/02/2025
559812,Atlético Mineiro / MG,CdB,18/02/2025
501063,Atlético Mineiro / MG,CdB,18/02/2025
188398,Atlético Mineiro / MG,CdB,18/02/2025
695547,Atlético Mineiro / MG,CdB,18/02/2025
313426,Atlético Mineiro / MG,CdB,18/02/2025
699171,Atlético Mineiro / MG,CdB,18/02/2025
427806,Atlético Mineiro / MG,CdB,18/02/2025
699115,Atlético Mineiro / MG,CdB,18/02/2025
359696,Atlético Mineiro / MG,CdB,18/02/2025
339258,Atlético Mineiro / MG,CdB,18/02/2025
404870,Atlético Mineiro / MG,CdB,18/02/2025
771739,Tocantinópolis / TO,CdB,18/02/2025
600601,Tocantinópolis / TO,CdB,18/02/2025
460683,Atlético Mineiro / MG,CdB,18/02/2025
614575,Tocantinópolis / TO,CdB,18/02/2025
634128,Tocantinópolis / TO,CdB,18/02/2025
337713,Atlético Mineiro / MG,CdB,18/02/2025
317567,Atlético Mineiro / MG,CdB,18/02/2025
367542,Independência / AC,CdB,19/02/2025
374198,Independência / AC,CdB,19/02/2025
340932,Independência / AC,CdB,19/02/2025
416568,Independência / AC,CdB,19/02/2025
544759,Independência / AC,CdB,19/02/2025
295255,Independência / AC,CdB,19/02/2025
308668,Independência / AC,CdB,19/02/2025
591122,Independência / AC,CdB,19/02/2025
437196,Independência / AC,CdB,19/02/2025
530709,Independência / AC,CdB,19/02/2025
708641,Independência / AC,CdB,19/02/2025
557530,Manaus / AM,CdB,19/02/2025
372262,Manaus / AM,CdB,19/02/2025
558494,Manaus / AM,CdB,19/02/2025
186286,Manaus / AM,CdB,19/02/2025
409961,Manaus / AM,CdB,19/02/2025
543301,Manaus / AM,CdB,19/02/2025
500532,Manaus / AM,CdB,19/02/2025
565495,Manaus / AM,CdB,19/02/2025
337892,Manaus / AM,CdB,19/02/2025
543050,Manaus / AM,CdB,19/02/2025
348182,Manaus / AM,CdB,19/02/2025
366997,Manaus / AM,CdB,19/02/2025
648357,Independência / AC,CdB,19/02/2025
435558,Manaus / AM,CdB,19/02/2025
648093,Manaus / AM,CdB,19/02/2025
716073,Independência / AC,CdB,19/02/2025
556021,Manaus / AM,CdB,19/02/2025
599679,Manaus / AM,CdB,19/02/2025
658516,Independência / AC,CdB,19/02/2025
172851,Trem / AP,CdB,19/02/2025
306960,Trem / AP,CdB,19/02/2025
751269,Trem / AP,CdB,19/02/2025
526374,Trem / AP,CdB,19/02/2025
453712,Trem / AP,CdB,19/02/2025
376975,Trem / AP,CdB,19/02/2025
291610,Trem / AP,CdB,19/02/2025
448007,Trem / AP,CdB,19/02/2025
368187,Trem / AP,CdB,19/02/2025
523373,Trem / AP,CdB,19/02/2025
182085,Trem / AP,CdB,19/02/2025
879513,Brusque / SC,CdB,19/02/2025
177903,Brusque / SC,CdB,19/02/2025
302881,Brusque / SC,CdB,19/02/2025
461774,Brusque / SC,CdB,19/02/2025
355387,Brusque / SC,CdB,19/02/2025
370091,Brusque / SC,CdB,19/02/2025
405535,Brusque / SC,CdB,19/02/2025
360467,Brusque / SC,CdB,19/02/2025
183707,Brusque / SC,CdB,19/02/2025
882317,Brusque / SC,CdB,19/02/2025
442672,Brusque / SC,CdB,19/02/2025
441885,Trem / AP,CdB,19/02/2025
679711,Brusque / SC,CdB,19/02/2025
516358,Trem / AP,CdB,19/02/2025
526702,Trem / AP,CdB,19/02/2025
435879,Trem / AP,CdB,19/02/2025
648891,Trem / AP,CdB,19/02/2025
448286,Brusque / SC,CdB,19/02/2025
611195,Brusque / SC,CdB,19/02/2025
338376,Olaria / RJ,CdB,20/02/2025
793134,Olaria / RJ,CdB,20/02/2025
306703,Olaria / RJ,CdB,20/02/2025
546506,Olaria / RJ,CdB,20/02/2025
320592,Olaria / RJ,CdB,20/02/2025
793171,Olaria / RJ,CdB,20/02/2025
460559,Olaria / RJ,CdB,20/02/2025
642035,Olaria / RJ,CdB,20/02/2025
343007,Olaria / RJ,CdB,20/02/2025
612443,Olaria / RJ,CdB,20/02/2025
543552,Olaria / RJ,CdB,20/02/2025
582108,ABC / RN,CdB,20/02/2025
731714,ABC / RN,CdB,20/02/2025
325913,ABC / RN,CdB,20/02/2025
367372,ABC / RN,CdB,20/02/2025
172028,ABC / RN,CdB,20/02/2025
302436,ABC / RN,CdB,20/02/2025
507704,ABC / RN,CdB,20/02/2025
174194,ABC / RN,CdB,20/02/2025
380843,ABC / RN,CdB,20/02/2025
383573,ABC / RN,CdB,20/02/2025
424347,ABC / RN,CdB,20/02/2025
752118,Olaria / RJ,CdB,20/02/2025
616475,ABC / RN,CdB,20/02/2025
649632,Olaria / RJ,CdB,20/02/2025
699310,Olaria / RJ,CdB,20/02/2025
338552,Olaria / RJ,CdB,20/02/2025
335870,ABC / RN,CdB,20/02/2025
448273,ABC / RN,CdB,20/02/2025
792986,Olaria / RJ,CdB,20/02/2025
368163,Aguia de Maraba / PA,CdB,26/02/2025
585942,Aguia de Maraba / PA,CdB,26/02/2025
304173,Aguia de Maraba / PA,CdB,26/02/2025
376076,Aguia de Maraba / PA,CdB,26/02/2025
367363,Aguia de Maraba / PA,CdB,26/02/2025
801103,Aguia de Maraba / PA,CdB,26/02/2025
380452,Aguia de Maraba / PA,CdB,26/02/2025
588891,Aguia de Maraba / PA,CdB,26/02/2025
315299,Aguia de Maraba / PA,CdB,26/02/2025
315254,Aguia de Maraba / PA,CdB,26/02/2025
409409,Aguia de Maraba / PA,CdB,26/02/2025
756284,Fluminense / RJ,CdB,26/02/2025
317445,Fluminense / RJ,CdB,26/02/2025
530656,Fluminense / RJ,CdB,26/02/2025
129292,Fluminense / RJ,CdB,26/02/2025
403112,Fluminense / RJ,CdB,26/02/2025
883478,Fluminense / RJ,CdB,26/02/2025
894168,Fluminense / RJ,CdB,26/02/2025
691654,Fluminense / RJ,CdB,26/02/2025
320930,Fluminense / RJ,CdB,26/02/2025
728790,Fluminense / RJ,CdB,26/02/2025
517552,Fluminense / RJ,CdB,26/02/2025
393831,Aguia de Maraba / PA,CdB,26/02/2025
871515,Fluminense / RJ,CdB,26/02/2025
306852,Fluminense / RJ,CdB,26/02/2025
537980,Aguia de Maraba / PA,CdB,26/02/2025
346636,Fluminense / RJ,CdB,26/02/2025
337363,Fluminense / RJ,CdB,26/02/2025
178005,Dourados / MS,CdB,26/02/2025
505796,Dourados / MS,CdB,26/02/2025
565258,Dourados / MS,CdB,26/02/2025
423648,Dourados / MS,CdB,26/02/2025
314536,Dourados / MS,CdB,26/02/2025
599870,Dourados / MS,CdB,26/02/2025
749886,Dourados / MS,CdB,26/02/2025
445950,Dourados / MS,CdB,26/02/2025
544563,Dourados / MS,CdB,26/02/2025
646360,Dourados / MS,CdB,26/02/2025
349094,Dourados / MS,CdB,26/02/2025
309584,Caxias / RS,CdB,26/02/2025
459799,Caxias / RS,CdB,26/02/2025
555438,Caxias / RS,CdB,26/02/2025
391600,Caxias / RS,CdB,26/02/2025
385488,Caxias / RS,CdB,26/02/2025
565235,Caxias / RS,CdB,26/02/2025
374572,Caxias / RS,CdB,26/02/2025
459195,Caxias / RS,CdB,26/02/2025
443894,Caxias / RS,CdB,26/02/2025
314842,Caxias / RS,CdB,26/02/2025
562298,Caxias / RS,CdB,26/02/2025
506475,Caxias / RS,CdB,26/02/2025
343874,Dourados / MS,CdB,26/02/2025
316561,Caxias / RS,CdB,26/02/2025
443145,Dourados / MS,CdB,26/02/2025
187582,Dourados / MS,CdB,26/02/2025
435128,Caxias / RS,CdB,26/02/2025
339259,Caxias / RS,CdB,26/02/2025
505462,Dourados / MS,CdB,26/02/2025
291978,Dourados / MS,CdB,26/02/2025
515964,Ceov Operário / MT,CdB,25/02/2025
385384,Ceov Operário / MT,CdB,25/02/2025
330031,Ceov Operário / MT,CdB,25/02/2025
319821,Ceov Operário / MT,CdB,25/02/2025
317126,Ceov Operário / MT,CdB,25/02/2025
670144,Ceov Operário / MT,CdB,25/02/2025
297336,Ceov Operário / MT,CdB,25/02/2025
526266,Ceov Operário / MT,CdB,25/02/2025
715983,Ceov Operário / MT,CdB,25/02/2025
361959,Ceov Operário / MT,CdB,25/02/2025
781222,Ceov Operário / MT,CdB,25/02/2025
894767,Sport / PE,CdB,25/02/2025
795731,Sport / PE,CdB,25/02/2025
895463,Sport / PE,CdB,25/02/2025
837018,Sport / PE,CdB,25/02/2025
592044,Sport / PE,CdB,25/02/2025
546794,Sport / PE,CdB,25/02/2025
307317,Sport / PE,CdB,25/02/2025
313131,Sport / PE,CdB,25/02/2025
307273,Sport / PE,CdB,25/02/2025
421778,Sport / PE,CdB,25/02/2025
896161,Sport / PE,CdB,25/02/2025
896157,Sport / PE,CdB,25/02/2025
553984,Sport / PE,CdB,25/02/2025
894160,Sport / PE,CdB,25/02/2025
383618,Ceov Operário / MT,CdB,25/02/2025
545054,Ceov Operário / MT,CdB,25/02/2025
304434,Sport / PE,CdB,25/02/2025
515363,Ceov Operário / MT,CdB,25/02/2025
541247,Ceov Operário / MT,CdB,25/02/2025
350158,Sport / PE,CdB,25/02/2025
329589,Rio Branco A. C. / ES,CdB,27/02/2025
396686,Rio Branco A. C. / ES,CdB,27/02/2025
606014,Rio Branco A. C. / ES,CdB,27/02/2025
621687,Rio Branco A. C. / ES,CdB,27/02/2025
303766,Rio Branco A. C. / ES,CdB,27/02/2025
593480,Rio Branco A. C. / ES,CdB,27/02/2025
435217,Rio Branco A. C. / ES,CdB,27/02/2025
356238,Rio Branco A. C. / ES,CdB,27/02/2025
591736,Rio Branco A. C. / ES,CdB,27/02/2025
169938,Rio Branco A. C. / ES,CdB,27/02/2025
407891,Rio Branco A. C. / ES,CdB,27/02/2025
302768,Gremio Novorizontino - / SP,CdB,27/02/2025
776773,Gremio Novorizontino - / SP,CdB,27/02/2025
337271,Gremio Novorizontino - / SP,CdB,27/02/2025
315834,Gremio Novorizontino - / SP,CdB,27/02/2025
420539,Gremio Novorizontino - / SP,CdB,27/02/2025
190431,Gremio Novorizontino - / SP,CdB,27/02/2025
395968,Gremio Novorizontino - / SP,CdB,27/02/2025
383906,Gremio Novorizontino - / SP,CdB,27/02/2025
378268,Gremio Novorizontino - / SP,CdB,27/02/2025
300229,Gremio Novorizontino - / SP,CdB,27/02/2025
332840,Gremio Novorizontino - / SP,CdB,27/02/2025
322169,Rio Branco A. C. / ES,CdB,27/02/2025
657612,Rio Branco A. C. / ES,CdB,27/02/2025
318069,Rio Branco A. C. / ES,CdB,27/02/2025
689766,Rio Branco A. C. / ES,CdB,27/02/2025
